{
  "accuracy": 0.8767290862896396,
  "mean_confidence": 0.861682116985321,
  "std_confidence": 0.1430296003818512,
  "mean_uncertainty": 0.10679226368665695,
  "correct_uncertainty": 0.10274198651313782,
  "wrong_uncertainty": 0.13559874892234802,
  "calibration_passed": true,
  "mc_samples": 50,
  "used_pretrained_weights": true,
  "data_source": "real",
  "timestamp": "2025-12-25T11:00:33.441445"
}