{
  "metadata": {
    "dataset": "rruff_families_excellent_unoriented",
    "source": "real",
    "n_samples": 5784,
    "n_classes": 11,
    "class_names": [
      "Carbonate",
      "Halide",
      "Hydroxide",
      "Native Element",
      "Other",
      "Oxide",
      "Phosphate",
      "Silicate",
      "Sulfate",
      "Sulfide",
      "Unknown"
    ],
    "task": "family_classification",
    "loaded_at": "2026-01-19T12:57:29.605421"
  },
  "results": {
    "SVM": {
      "accuracy": 0.5885911840968021,
      "f1_weighted": 0.5846014238354026
    },
    "ResidualCNN": {
      "accuracy": 0.4407951598962835,
      "f1_weighted": 0.417026962924353
    }
  },
  "class_names": [
    "Carbonate",
    "Halide",
    "Hydroxide",
    "Native Element",
    "Other",
    "Oxide",
    "Phosphate",
    "Silicate",
    "Sulfate",
    "Sulfide",
    "Unknown"
  ],
  "classification_report": {
    "Carbonate": {
      "precision": 0.6555555555555556,
      "recall": 0.686046511627907,
      "f1-score": 0.6704545454545454,
      "support": 86.0
    },
    "Halide": {
      "precision": 0.0,
      "recall": 0.0,
      "f1-score": 0.0,
      "support": 10.0
    },
    "Hydroxide": {
      "precision": 0.2809917355371901,
      "recall": 0.17435897435897435,
      "f1-score": 0.21518987341772153,
      "support": 195.0
    },
    "Native Element": {
      "precision": 0.2,
      "recall": 0.1,
      "f1-score": 0.13333333333333333,
      "support": 10.0
    },
    "Other": {
      "precision": 0.25,
      "recall": 0.020833333333333332,
      "f1-score": 0.038461538461538464,
      "support": 48.0
    },
    "Oxide": {
      "precision": 0.34169278996865204,
      "recall": 0.4823008849557522,
      "f1-score": 0.4,
      "support": 226.0
    },
    "Phosphate": {
      "precision": 0.5146198830409356,
      "recall": 0.6423357664233577,
      "f1-score": 0.5714285714285714,
      "support": 137.0
    },
    "Silicate": {
      "precision": 0.5652173913043478,
      "recall": 0.3880597014925373,
      "f1-score": 0.46017699115044247,
      "support": 201.0
    },
    "Sulfate": {
      "precision": 0.46987951807228917,
      "recall": 0.8666666666666667,
      "f1-score": 0.609375,
      "support": 90.0
    },
    "Sulfide": {
      "precision": 0.3983050847457627,
      "recall": 0.3560606060606061,
      "f1-score": 0.376,
      "support": 132.0
    },
    "Unknown": {
      "precision": 0.6,
      "recall": 0.6818181818181818,
      "f1-score": 0.6382978723404256,
      "support": 22.0
    },
    "accuracy": 0.4407951598962835,
    "macro avg": {
      "precision": 0.3887510871113393,
      "recall": 0.39986187515793786,
      "f1-score": 0.37388342959877985,
      "support": 1157.0
    },
    "weighted avg": {
      "precision": 0.4274596233208073,
      "recall": 0.4407951598962835,
      "f1-score": 0.417026962924353,
      "support": 1157.0
    }
  },
  "timestamp": "2026-01-19T13:05:09.677529"
}